{
  "actions_ordered": [
    "Sama-sama",
    "Sekolah",
    "Ada",
    "Duduk",
    "Maaf",
    "Gembira",
    "Mereka",
    "Rumah",
    "Panas",
    "Dia",
    "Apa Khabar",
    "Dua",
    "Hari ini",
    "Ibu",
    "Kita",
    "Klinik",
    "Besar",
    "Lima",
    "Assalamualaikum",
    "Bila",
    "Pergi",
    "Salah",
    "Berhenti",
    "Bagaimana",
    "Pagi",
    "Apa",
    "Bayar",
    "Esok",
    "Isteri",
    "Enam",
    "Empat",
    "Anak",
    "Berapa",
    "Betul",
    "Selamat Malam",
    "Kami",
    "Kerja",
    "Balik",
    "Sekarang",
    "Belajar",
    "Awak",
    "Boleh",
    "Minum",
    "Sejuk",
    "Malam",
    "Saya",
    "Ayah",
    "Abang",
    "Bangun",
    "Dahaga",
    "Masjid",
    "Kakak",
    "Beli",
    "Polis",
    "Fikir",
    "Faham",
    "Lapar",
    "Petang",
    "Kecil",
    "Mahu",
    "Satu",
    "Hospital",
    "Khabar Baik",
    "Hello",
    "Kawan",
    "Cantik",
    "Sedih",
    "Mengapa",
    "Makan",
    "Sedap",
    "Kedai",
    "Sakit",
    "Marah",
    "Lapan",
    "Mana",
    "Baik",
    "Waalaikumussalam",
    "Semalam",
    "Tidak boleh",
    "Tandas",
    "Tiga",
    "Tahu",
    "Sepuluh",
    "Siapa",
    "Selamat Pagi",
    "Tidur",
    "Tolong",
    "Ya",
    "Suami",
    "Tidak ada",
    "Sembilan",
    "Suka",
    "Tujuh",
    "Tunggu",
    "Terima Kasih",
    "Tengok",
    "Tidak",
    "Idle"
  ],
  "action_to_index": {
    "Sama-sama": 0,
    "Sekolah": 1,
    "Ada": 2,
    "Duduk": 3,
    "Maaf": 4,
    "Gembira": 5,
    "Mereka": 6,
    "Rumah": 7,
    "Panas": 8,
    "Dia": 9,
    "Apa Khabar": 10,
    "Dua": 11,
    "Hari ini": 12,
    "Ibu": 13,
    "Kita": 14,
    "Klinik": 15,
    "Besar": 16,
    "Lima": 17,
    "Assalamualaikum": 18,
    "Bila": 19,
    "Pergi": 20,
    "Salah": 21,
    "Berhenti": 22,
    "Bagaimana": 23,
    "Pagi": 24,
    "Apa": 25,
    "Bayar": 26,
    "Esok": 27,
    "Isteri": 28,
    "Enam": 29,
    "Empat": 30,
    "Anak": 31,
    "Berapa": 32,
    "Betul": 33,
    "Selamat Malam": 34,
    "Kami": 35,
    "Kerja": 36,
    "Balik": 37,
    "Sekarang": 38,
    "Belajar": 39,
    "Awak": 40,
    "Boleh": 41,
    "Minum": 42,
    "Sejuk": 43,
    "Malam": 44,
    "Saya": 45,
    "Ayah": 46,
    "Abang": 47,
    "Bangun": 48,
    "Dahaga": 49,
    "Masjid": 50,
    "Kakak": 51,
    "Beli": 52,
    "Polis": 53,
    "Fikir": 54,
    "Faham": 55,
    "Lapar": 56,
    "Petang": 57,
    "Kecil": 58,
    "Mahu": 59,
    "Satu": 60,
    "Hospital": 61,
    "Khabar Baik": 62,
    "Hello": 63,
    "Kawan": 64,
    "Cantik": 65,
    "Sedih": 66,
    "Mengapa": 67,
    "Makan": 68,
    "Sedap": 69,
    "Kedai": 70,
    "Sakit": 71,
    "Marah": 72,
    "Lapan": 73,
    "Mana": 74,
    "Baik": 75,
    "Waalaikumussalam": 76,
    "Semalam": 77,
    "Tidak boleh": 78,
    "Tandas": 79,
    "Tiga": 80,
    "Tahu": 81,
    "Sepuluh": 82,
    "Siapa": 83,
    "Selamat Pagi": 84,
    "Tidur": 85,
    "Tolong": 86,
    "Ya": 87,
    "Suami": 88,
    "Tidak ada": 89,
    "Sembilan": 90,
    "Suka": 91,
    "Tujuh": 92,
    "Tunggu": 93,
    "Terima Kasih": 94,
    "Tengok": 95,
    "Tidak": 96,
    "Idle": 97
  },
  "index_to_action": {
    "0": "Sama-sama",
    "1": "Sekolah",
    "2": "Ada",
    "3": "Duduk",
    "4": "Maaf",
    "5": "Gembira",
    "6": "Mereka",
    "7": "Rumah",
    "8": "Panas",
    "9": "Dia",
    "10": "Apa Khabar",
    "11": "Dua",
    "12": "Hari ini",
    "13": "Ibu",
    "14": "Kita",
    "15": "Klinik",
    "16": "Besar",
    "17": "Lima",
    "18": "Assalamualaikum",
    "19": "Bila",
    "20": "Pergi",
    "21": "Salah",
    "22": "Berhenti",
    "23": "Bagaimana",
    "24": "Pagi",
    "25": "Apa",
    "26": "Bayar",
    "27": "Esok",
    "28": "Isteri",
    "29": "Enam",
    "30": "Empat",
    "31": "Anak",
    "32": "Berapa",
    "33": "Betul",
    "34": "Selamat Malam",
    "35": "Kami",
    "36": "Kerja",
    "37": "Balik",
    "38": "Sekarang",
    "39": "Belajar",
    "40": "Awak",
    "41": "Boleh",
    "42": "Minum",
    "43": "Sejuk",
    "44": "Malam",
    "45": "Saya",
    "46": "Ayah",
    "47": "Abang",
    "48": "Bangun",
    "49": "Dahaga",
    "50": "Masjid",
    "51": "Kakak",
    "52": "Beli",
    "53": "Polis",
    "54": "Fikir",
    "55": "Faham",
    "56": "Lapar",
    "57": "Petang",
    "58": "Kecil",
    "59": "Mahu",
    "60": "Satu",
    "61": "Hospital",
    "62": "Khabar Baik",
    "63": "Hello",
    "64": "Kawan",
    "65": "Cantik",
    "66": "Sedih",
    "67": "Mengapa",
    "68": "Makan",
    "69": "Sedap",
    "70": "Kedai",
    "71": "Sakit",
    "72": "Marah",
    "73": "Lapan",
    "74": "Mana",
    "75": "Baik",
    "76": "Waalaikumussalam",
    "77": "Semalam",
    "78": "Tidak boleh",
    "79": "Tandas",
    "80": "Tiga",
    "81": "Tahu",
    "82": "Sepuluh",
    "83": "Siapa",
    "84": "Selamat Pagi",
    "85": "Tidur",
    "86": "Tolong",
    "87": "Ya",
    "88": "Suami",
    "89": "Tidak ada",
    "90": "Sembilan",
    "91": "Suka",
    "92": "Tujuh",
    "93": "Tunggu",
    "94": "Terima Kasih",
    "95": "Tengok",
    "96": "Tidak",
    "97": "Idle"
  },
  "num_classes": 98,
  "sequence_length": 30,
  "num_features": 780,
  "num_raw_features": 258,
  "model_version": "V3.1.5",
  "scaler_baked_in": true,
  "multi_speed_trained": true,
  "speed_tiers": [
    "1x",
    "1.5x",
    "2x"
  ],
  "idle_prefix_augmented": false,
  "zscore_fitted_on": "1x_speed_only",
  "architecture": "2x BiLSTM-128 + Dot Attention",
  "processing_pipeline": {
    "stages": [
      "Stage 1: Anchor subtraction (pose→shoulder midpoint, hands→wrist)",
      "Stage 2: Scale by shoulder width",
      "Stage 3: Velocity (1st derivative, +258 → 516)",
      "Stage 4: Acceleration (2nd derivative, +258 → 774)",
      "Stage 5: Engineered features (+6 → 780)",
      "Stage 6: Z-score (BAKED INTO MODEL ─ no external scaler needed!)"
    ],
    "note": "Apply stages 1-5 externally. Stage 6 is inside the TFLite model.",
    "input_to_model": "(1, 30, 780) float32 ─ stages 1-5 applied, NO z-score needed",
    "training_pipeline_order": "Split → Speed variants → Stages 1-5 → Augment → Z-score (fitted on 1× only)"
  }
}